{
  "effective_request_score": 0.6483562026671623,
  "error_count": 0,
  "request_count": 120,
  "score_100x_ers": 64.83562026671623,
  "success_count": 120
}
