{
  "effective_request_score": 0.00018681706149614063,
  "error_count": 0,
  "request_count": 120,
  "score_100x_ers": 0.018681706149614064,
  "success_count": 120
}
