{
  "effective_request_score": 0.6433070533899569,
  "error_count": 0,
  "request_count": 120,
  "score_100x_ers": 64.33070533899568,
  "success_count": 120
}
