{
  "effective_request_score": 0.056583045411694725,
  "error_count": 0,
  "request_count": 120,
  "score_100x_ers": 5.658304541169472,
  "success_count": 120
}
