{
  "effective_request_score": 0.6417223372973312,
  "error_count": 0,
  "request_count": 120,
  "score_100x_ers": 64.17223372973312,
  "success_count": 120
}
