{
  "effective_request_score": 0.0006558186148401499,
  "error_count": 0,
  "request_count": 120,
  "score_100x_ers": 0.06558186148401499,
  "success_count": 120
}
