{
  "effective_request_score": 0.6423336674534073,
  "error_count": 0,
  "request_count": 120,
  "score_100x_ers": 64.23336674534073,
  "success_count": 120
}
