{
  "effective_request_score": 0.6170626285295683,
  "error_count": 0,
  "request_count": 120,
  "score_100x_ers": 61.706262852956826,
  "success_count": 120
}
