{
  "effective_request_score": 0.6491892275117057,
  "error_count": 0,
  "request_count": 120,
  "score_100x_ers": 64.91892275117057,
  "success_count": 120
}
