{
  "effective_request_score": 0.6421658585526142,
  "error_count": 0,
  "request_count": 120,
  "score_100x_ers": 64.21658585526143,
  "success_count": 120
}
