{
  "effective_request_score": 0.640328991655531,
  "error_count": 0,
  "request_count": 120,
  "score_100x_ers": 64.0328991655531,
  "success_count": 120
}
