{
  "effective_request_score": 0.07017047859561389,
  "error_count": 0,
  "request_count": 120,
  "score_100x_ers": 7.017047859561389,
  "success_count": 120
}
