{
  "effective_request_score": 0.07030189362269147,
  "error_count": 0,
  "request_count": 120,
  "score_100x_ers": 7.030189362269147,
  "success_count": 120
}
