{
  "effective_request_score": 0.0002426071244420176,
  "error_count": 0,
  "request_count": 120,
  "score_100x_ers": 0.024260712444201762,
  "success_count": 120
}
