{
  "effective_request_score": 0.00013782854065141084,
  "error_count": 0,
  "request_count": 120,
  "score_100x_ers": 0.013782854065141084,
  "success_count": 120
}
