{
  "dispatch_lag_p95_ms": 8.311345999391051,
  "effective_request_score": 0.0,
  "erc": 0.0,
  "error_count": 0,
  "ers": 0.0,
  "failed_count": 0,
  "final_score": 0.0,
  "makespan_ms": 107194.39495599727,
  "measurement_version": "h0.1",
  "passed_slo": 0,
  "prompt_tokens_p50": 20895.0,
  "prompt_tokens_p95": 30263.0,
  "request_count": 120,
  "score_100x_ers": 0.0,
  "success_count": 120,
  "tbt_median_ms": 281.3378402663248,
  "total_count": 120,
  "trace_path": "data/trace-round1-diverse-content.jsonl",
  "trace_sha256": "fcf8992f7a0618f3f7252f706e7999d97bc55380c419a2a03823985f45a8d67f",
  "ttft_p50_ms": 25071.800947000156,
  "ttft_p95_ms": 59626.258191998204
}
