{
  "effective_request_score": 0.0757920250314008,
  "error_count": 0,
  "request_count": 120,
  "score_100x_ers": 7.579202503140079,
  "success_count": 120
}
