{
  "effective_request_score": 0.6345220447613925,
  "error_count": 0,
  "request_count": 120,
  "score_100x_ers": 63.45220447613925,
  "success_count": 120
}
