{
  "effective_request_score": 7.477255207617789e-05,
  "error_count": 0,
  "request_count": 120,
  "score_100x_ers": 0.007477255207617789,
  "success_count": 120
}
