{
  "effective_request_score": 0.6377910670485173,
  "error_count": 0,
  "request_count": 120,
  "score_100x_ers": 63.77910670485173,
  "success_count": 120
}
